{
  "mae": 2.2460942649907794,
  "rmse": 4.381320719381122,
  "skill_vs_clear_sky": 0.8482661111336602,
  "skill_vs_persistence": 0.6852785218745006
}