{
  "mae": 1.9436087043036974,
  "rmse": 4.139744105268619,
  "skill_vs_clear_sky": 0.8404358842041028,
  "skill_vs_persistence": 0.6710623318384906
}